/*
Navicat MySQL Data Transfer

Source Server         : 本地
Source Server Version : 50016
Source Host           : localhost:3308
Source Database       : sheji

Target Server Type    : MYSQL
Target Server Version : 50016
File Encoding         : 65001

Date: 2017-03-20 10:21:46
*/

SET FOREIGN_KEY_CHECKS=0;

-- ----------------------------
-- Table structure for `admin`
-- ----------------------------
DROP TABLE IF EXISTS `admin`;
CREATE TABLE `admin` (
  `id` int(11) NOT NULL auto_increment,
  `username` char(20) default NULL,
  `password` char(20) default NULL,
  `email` char(25) default NULL,
  PRIMARY KEY  (`id`)
) ENGINE=InnoDB DEFAULT CHARSET=gb2312;

-- ----------------------------
-- Records of admin
-- ----------------------------
INSERT INTO `admin` VALUES ('2', '测试2', 'qqqqqqqqq', '测试2');
INSERT INTO `admin` VALUES ('3', '测试1', '111', '测试1');
INSERT INTO `admin` VALUES ('4', '我的三分', '123456', 'asdsa@sina.com');
INSERT INTO `admin` VALUES ('5', 'asdadsad', '123456', '45645@qq.com');

-- ----------------------------
-- Table structure for `ads`
-- ----------------------------
DROP TABLE IF EXISTS `ads`;
CREATE TABLE `ads` (
  `id` int(11) NOT NULL auto_increment,
  `name` char(30) default NULL,
  PRIMARY KEY  (`id`)
) ENGINE=InnoDB DEFAULT CHARSET=gb2312;

-- ----------------------------
-- Records of ads
-- ----------------------------
INSERT INTO `ads` VALUES ('3', '1483946963828.png');
INSERT INTO `ads` VALUES ('5', '1483947457279.png');
INSERT INTO `ads` VALUES ('6', '1484027279681.png');
INSERT INTO `ads` VALUES ('7', '1484027286239.png');

-- ----------------------------
-- Table structure for `cart`
-- ----------------------------
DROP TABLE IF EXISTS `cart`;
CREATE TABLE `cart` (
  `id` int(11) NOT NULL auto_increment,
  `userId` int(11) default NULL,
  `goodId` int(11) default NULL,
  `number` int(11) default NULL,
  `flag` int(11) default '0',
  PRIMARY KEY  (`id`)
) ENGINE=InnoDB DEFAULT CHARSET=gb2312;

-- ----------------------------
-- Records of cart
-- ----------------------------
INSERT INTO `cart` VALUES ('1', '5', '31', '1', '0');
INSERT INTO `cart` VALUES ('4', '5', '29', '1', '0');
INSERT INTO `cart` VALUES ('19', '6', '31', '1', '0');
INSERT INTO `cart` VALUES ('26', '2', '11', '1', '0');
INSERT INTO `cart` VALUES ('27', '2', '16', '1', '0');
INSERT INTO `cart` VALUES ('28', '2', '25', '1', '0');

-- ----------------------------
-- Table structure for `city`
-- ----------------------------
DROP TABLE IF EXISTS `city`;
CREATE TABLE `city` (
  `id` bigint(20) NOT NULL,
  `cName` varchar(50) default NULL,
  `zip_code` varchar(50) default NULL,
  `pId` bigint(20) default NULL,
  `date_created` datetime default NULL,
  `date_updated` datetime default NULL,
  PRIMARY KEY  (`id`)
) ENGINE=MyISAM DEFAULT CHARSET=utf8;

-- ----------------------------
-- Records of city
-- ----------------------------
INSERT INTO `city` VALUES ('1', '北京市', '100000', '1', '2017-01-01 15:59:09', '2017-01-01 15:59:09');
INSERT INTO `city` VALUES ('2', '天津市', '100000', '2', '2017-01-01 15:59:09', '2017-01-01 15:59:09');
INSERT INTO `city` VALUES ('3', '石家庄市', '050000', '3', '2017-01-01 15:59:09', '2017-01-01 15:59:09');
INSERT INTO `city` VALUES ('4', '唐山市', '063000', '3', '2017-01-01 15:59:09', '2017-01-01 15:59:09');
INSERT INTO `city` VALUES ('5', '秦皇岛市', '066000', '3', '2017-01-01 15:59:09', '2017-01-01 15:59:09');
INSERT INTO `city` VALUES ('6', '邯郸市', '056000', '3', '2017-01-01 15:59:09', '2017-01-01 15:59:09');
INSERT INTO `city` VALUES ('7', '邢台市', '054000', '3', '2017-01-01 15:59:09', '2017-01-01 15:59:09');
INSERT INTO `city` VALUES ('8', '保定市', '071000', '3', '2017-01-01 15:59:09', '2017-01-01 15:59:09');
INSERT INTO `city` VALUES ('9', '张家口市', '075000', '3', '2017-01-01 15:59:09', '2017-01-01 15:59:09');
INSERT INTO `city` VALUES ('10', '承德市', '067000', '3', '2017-01-01 15:59:09', '2017-01-01 15:59:09');
INSERT INTO `city` VALUES ('11', '沧州市', '061000', '3', '2017-01-01 15:59:09', '2017-01-01 15:59:09');
INSERT INTO `city` VALUES ('12', '廊坊市', '065000', '3', '2017-01-01 15:59:09', '2017-01-01 15:59:09');
INSERT INTO `city` VALUES ('13', '衡水市', '053000', '3', '2017-01-01 15:59:09', '2017-01-01 15:59:09');
INSERT INTO `city` VALUES ('14', '太原市', '030000', '4', '2017-01-01 15:59:09', '2017-01-01 15:59:09');
INSERT INTO `city` VALUES ('15', '大同市', '037000', '4', '2017-01-01 15:59:09', '2017-01-01 15:59:09');
INSERT INTO `city` VALUES ('16', '阳泉市', '045000', '4', '2017-01-01 15:59:09', '2017-01-01 15:59:09');
INSERT INTO `city` VALUES ('17', '长治市', '046000', '4', '2017-01-01 15:59:09', '2017-01-01 15:59:09');
INSERT INTO `city` VALUES ('18', '晋城市', '048000', '4', '2017-01-01 15:59:09', '2017-01-01 15:59:09');
INSERT INTO `city` VALUES ('19', '朔州市', '036000', '4', '2017-01-01 15:59:09', '2017-01-01 15:59:09');
INSERT INTO `city` VALUES ('20', '晋中市', '030600', '4', '2017-01-01 15:59:09', '2017-01-01 15:59:09');
INSERT INTO `city` VALUES ('21', '运城市', '044000', '4', '2017-01-01 15:59:09', '2017-01-01 15:59:09');
INSERT INTO `city` VALUES ('22', '忻州市', '034000', '4', '2017-01-01 15:59:09', '2017-01-01 15:59:09');
INSERT INTO `city` VALUES ('23', '临汾市', '041000', '4', '2017-01-01 15:59:09', '2017-01-01 15:59:09');
INSERT INTO `city` VALUES ('24', '吕梁市', '030500', '4', '2017-01-01 15:59:09', '2017-01-01 15:59:09');
INSERT INTO `city` VALUES ('25', '呼和浩特市', '010000', '5', '2017-01-01 15:59:09', '2017-01-01 15:59:09');
INSERT INTO `city` VALUES ('26', '包头市', '014000', '5', '2017-01-01 15:59:09', '2017-01-01 15:59:09');
INSERT INTO `city` VALUES ('27', '乌海市', '016000', '5', '2017-01-01 15:59:09', '2017-01-01 15:59:09');
INSERT INTO `city` VALUES ('28', '赤峰市', '024000', '5', '2017-01-01 15:59:09', '2017-01-01 15:59:09');
INSERT INTO `city` VALUES ('29', '通辽市', '028000', '5', '2017-01-01 15:59:09', '2017-01-01 15:59:09');
INSERT INTO `city` VALUES ('30', '鄂尔多斯市', '010300', '5', '2017-01-01 15:59:09', '2017-01-01 15:59:09');
INSERT INTO `city` VALUES ('31', '呼伦贝尔市', '021000', '5', '2017-01-01 15:59:09', '2017-01-01 15:59:09');
INSERT INTO `city` VALUES ('32', '巴彦淖尔市', '014400', '5', '2017-01-01 15:59:09', '2017-01-01 15:59:09');
INSERT INTO `city` VALUES ('33', '乌兰察布市', '011800', '5', '2017-01-01 15:59:09', '2017-01-01 15:59:09');
INSERT INTO `city` VALUES ('34', '兴安盟', '137500', '5', '2017-01-01 15:59:09', '2017-01-01 15:59:09');
INSERT INTO `city` VALUES ('35', '锡林郭勒盟', '011100', '5', '2017-01-01 15:59:09', '2017-01-01 15:59:09');
INSERT INTO `city` VALUES ('36', '阿拉善盟', '016000', '5', '2017-01-01 15:59:09', '2017-01-01 15:59:09');
INSERT INTO `city` VALUES ('37', '沈阳市', '110000', '6', '2017-01-01 15:59:09', '2017-01-01 15:59:09');
INSERT INTO `city` VALUES ('38', '大连市', '116000', '6', '2017-01-01 15:59:09', '2017-01-01 15:59:09');
INSERT INTO `city` VALUES ('39', '鞍山市', '114000', '6', '2017-01-01 15:59:09', '2017-01-01 15:59:09');
INSERT INTO `city` VALUES ('40', '抚顺市', '113000', '6', '2017-01-01 15:59:09', '2017-01-01 15:59:09');
INSERT INTO `city` VALUES ('41', '本溪市', '117000', '6', '2017-01-01 15:59:09', '2017-01-01 15:59:09');
INSERT INTO `city` VALUES ('42', '丹东市', '118000', '6', '2017-01-01 15:59:09', '2017-01-01 15:59:09');
INSERT INTO `city` VALUES ('43', '锦州市', '121000', '6', '2017-01-01 15:59:09', '2017-01-01 15:59:09');
INSERT INTO `city` VALUES ('44', '营口市', '115000', '6', '2017-01-01 15:59:09', '2017-01-01 15:59:09');
INSERT INTO `city` VALUES ('45', '阜新市', '123000', '6', '2017-01-01 15:59:09', '2017-01-01 15:59:09');
INSERT INTO `city` VALUES ('46', '辽阳市', '111000', '6', '2017-01-01 15:59:09', '2017-01-01 15:59:09');
INSERT INTO `city` VALUES ('47', '盘锦市', '124000', '6', '2017-01-01 15:59:09', '2017-01-01 15:59:09');
INSERT INTO `city` VALUES ('48', '铁岭市', '112000', '6', '2017-01-01 15:59:09', '2017-01-01 15:59:09');
INSERT INTO `city` VALUES ('49', '朝阳市', '122000', '6', '2017-01-01 15:59:09', '2017-01-01 15:59:09');
INSERT INTO `city` VALUES ('50', '葫芦岛市', '125000', '6', '2017-01-01 15:59:10', '2017-01-01 15:59:10');
INSERT INTO `city` VALUES ('51', '长春市', '130000', '7', '2017-01-01 15:59:10', '2017-01-01 15:59:10');
INSERT INTO `city` VALUES ('52', '吉林市', '132000', '7', '2017-01-01 15:59:10', '2017-01-01 15:59:10');
INSERT INTO `city` VALUES ('53', '四平市', '136000', '7', '2017-01-01 15:59:10', '2017-01-01 15:59:10');
INSERT INTO `city` VALUES ('54', '辽源市', '136200', '7', '2017-01-01 15:59:10', '2017-01-01 15:59:10');
INSERT INTO `city` VALUES ('55', '通化市', '134000', '7', '2017-01-01 15:59:10', '2017-01-01 15:59:10');
INSERT INTO `city` VALUES ('56', '白山市', '134300', '7', '2017-01-01 15:59:10', '2017-01-01 15:59:10');
INSERT INTO `city` VALUES ('57', '松原市', '131100', '7', '2017-01-01 15:59:10', '2017-01-01 15:59:10');
INSERT INTO `city` VALUES ('58', '白城市', '137000', '7', '2017-01-01 15:59:10', '2017-01-01 15:59:10');
INSERT INTO `city` VALUES ('59', '延边朝鲜族自治州', '133000', '7', '2017-01-01 15:59:10', '2017-01-01 15:59:10');
INSERT INTO `city` VALUES ('60', '哈尔滨市', '150000', '8', '2017-01-01 15:59:10', '2017-01-01 15:59:10');
INSERT INTO `city` VALUES ('61', '齐齐哈尔市', '161000', '8', '2017-01-01 15:59:10', '2017-01-01 15:59:10');
INSERT INTO `city` VALUES ('62', '鸡西市', '158100', '8', '2017-01-01 15:59:10', '2017-01-01 15:59:10');
INSERT INTO `city` VALUES ('63', '鹤岗市', '154100', '8', '2017-01-01 15:59:10', '2017-01-01 15:59:10');
INSERT INTO `city` VALUES ('64', '双鸭山市', '155100', '8', '2017-01-01 15:59:10', '2017-01-01 15:59:10');
INSERT INTO `city` VALUES ('65', '大庆市', '163000', '8', '2017-01-01 15:59:10', '2017-01-01 15:59:10');
INSERT INTO `city` VALUES ('66', '伊春市', '152300', '8', '2017-01-01 15:59:10', '2017-01-01 15:59:10');
INSERT INTO `city` VALUES ('67', '佳木斯市', '154000', '8', '2017-01-01 15:59:10', '2017-01-01 15:59:10');
INSERT INTO `city` VALUES ('68', '七台河市', '154600', '8', '2017-01-01 15:59:10', '2017-01-01 15:59:10');
INSERT INTO `city` VALUES ('69', '牡丹江市', '157000', '8', '2017-01-01 15:59:10', '2017-01-01 15:59:10');
INSERT INTO `city` VALUES ('70', '黑河市', '164300', '8', '2017-01-01 15:59:10', '2017-01-01 15:59:10');
INSERT INTO `city` VALUES ('71', '绥化市', '152000', '8', '2017-01-01 15:59:10', '2017-01-01 15:59:10');
INSERT INTO `city` VALUES ('72', '大兴安岭地区', '165000', '8', '2017-01-01 15:59:10', '2017-01-01 15:59:10');
INSERT INTO `city` VALUES ('73', '上海市', '200000', '9', '2017-01-01 15:59:10', '2017-01-01 15:59:10');
INSERT INTO `city` VALUES ('74', '南京市', '210000', '10', '2017-01-01 15:59:10', '2017-01-01 15:59:10');
INSERT INTO `city` VALUES ('75', '无锡市', '214000', '10', '2017-01-01 15:59:10', '2017-01-01 15:59:10');
INSERT INTO `city` VALUES ('76', '徐州市', '221000', '10', '2017-01-01 15:59:10', '2017-01-01 15:59:10');
INSERT INTO `city` VALUES ('77', '常州市', '213000', '10', '2017-01-01 15:59:10', '2017-01-01 15:59:10');
INSERT INTO `city` VALUES ('78', '苏州市', '215000', '10', '2017-01-01 15:59:10', '2017-01-01 15:59:10');
INSERT INTO `city` VALUES ('79', '南通市', '226000', '10', '2017-01-01 15:59:10', '2017-01-01 15:59:10');
INSERT INTO `city` VALUES ('80', '连云港市', '222000', '10', '2017-01-01 15:59:10', '2017-01-01 15:59:10');
INSERT INTO `city` VALUES ('81', '淮安市', '223200', '10', '2017-01-01 15:59:10', '2017-01-01 15:59:10');
INSERT INTO `city` VALUES ('82', '盐城市', '224000', '10', '2017-01-01 15:59:10', '2017-01-01 15:59:10');
INSERT INTO `city` VALUES ('83', '扬州市', '225000', '10', '2017-01-01 15:59:10', '2017-01-01 15:59:10');
INSERT INTO `city` VALUES ('84', '镇江市', '212000', '10', '2017-01-01 15:59:10', '2017-01-01 15:59:10');
INSERT INTO `city` VALUES ('85', '泰州市', '225300', '10', '2017-01-01 15:59:10', '2017-01-01 15:59:10');
INSERT INTO `city` VALUES ('86', '宿迁市', '223800', '10', '2017-01-01 15:59:10', '2017-01-01 15:59:10');
INSERT INTO `city` VALUES ('87', '杭州市', '310000', '11', '2017-01-01 15:59:10', '2017-01-01 15:59:10');
INSERT INTO `city` VALUES ('88', '宁波市', '315000', '11', '2017-01-01 15:59:10', '2017-01-01 15:59:10');
INSERT INTO `city` VALUES ('89', '温州市', '325000', '11', '2017-01-01 15:59:10', '2017-01-01 15:59:10');
INSERT INTO `city` VALUES ('90', '嘉兴市', '314000', '11', '2017-01-01 15:59:10', '2017-01-01 15:59:10');
INSERT INTO `city` VALUES ('91', '湖州市', '313000', '11', '2017-01-01 15:59:10', '2017-01-01 15:59:10');
INSERT INTO `city` VALUES ('92', '绍兴市', '312000', '11', '2017-01-01 15:59:10', '2017-01-01 15:59:10');
INSERT INTO `city` VALUES ('93', '金华市', '321000', '11', '2017-01-01 15:59:10', '2017-01-01 15:59:10');
INSERT INTO `city` VALUES ('94', '衢州市', '324000', '11', '2017-01-01 15:59:10', '2017-01-01 15:59:10');
INSERT INTO `city` VALUES ('95', '舟山市', '316000', '11', '2017-01-01 15:59:10', '2017-01-01 15:59:10');
INSERT INTO `city` VALUES ('96', '台州市', '318000', '11', '2017-01-01 15:59:10', '2017-01-01 15:59:10');
INSERT INTO `city` VALUES ('97', '丽水市', '323000', '11', '2017-01-01 15:59:10', '2017-01-01 15:59:10');
INSERT INTO `city` VALUES ('98', '合肥市', '230000', '12', '2017-01-01 15:59:10', '2017-01-01 15:59:10');
INSERT INTO `city` VALUES ('99', '芜湖市', '241000', '12', '2017-01-01 15:59:10', '2017-01-01 15:59:10');
INSERT INTO `city` VALUES ('100', '蚌埠市', '233000', '12', '2017-01-01 15:59:10', '2017-01-01 15:59:10');
INSERT INTO `city` VALUES ('101', '淮南市', '232000', '12', '2017-01-01 15:59:10', '2017-01-01 15:59:10');
INSERT INTO `city` VALUES ('102', '马鞍山市', '243000', '12', '2017-01-01 15:59:10', '2017-01-01 15:59:10');
INSERT INTO `city` VALUES ('103', '淮北市', '235000', '12', '2017-01-01 15:59:10', '2017-01-01 15:59:10');
INSERT INTO `city` VALUES ('104', '铜陵市', '244000', '12', '2017-01-01 15:59:10', '2017-01-01 15:59:10');
INSERT INTO `city` VALUES ('105', '安庆市', '246000', '12', '2017-01-01 15:59:10', '2017-01-01 15:59:10');
INSERT INTO `city` VALUES ('106', '黄山市', '242700', '12', '2017-01-01 15:59:10', '2017-01-01 15:59:10');
INSERT INTO `city` VALUES ('107', '滁州市', '239000', '12', '2017-01-01 15:59:10', '2017-01-01 15:59:10');
INSERT INTO `city` VALUES ('108', '阜阳市', '236100', '12', '2017-01-01 15:59:10', '2017-01-01 15:59:10');
INSERT INTO `city` VALUES ('109', '宿州市', '234100', '12', '2017-01-01 15:59:10', '2017-01-01 15:59:10');
INSERT INTO `city` VALUES ('110', '巢湖市', '238000', '12', '2017-01-01 15:59:11', '2017-01-01 15:59:11');
INSERT INTO `city` VALUES ('111', '六安市', '237000', '12', '2017-01-01 15:59:11', '2017-01-01 15:59:11');
INSERT INTO `city` VALUES ('112', '亳州市', '236800', '12', '2017-01-01 15:59:11', '2017-01-01 15:59:11');
INSERT INTO `city` VALUES ('113', '池州市', '247100', '12', '2017-01-01 15:59:11', '2017-01-01 15:59:11');
INSERT INTO `city` VALUES ('114', '宣城市', '366000', '12', '2017-01-01 15:59:11', '2017-01-01 15:59:11');
INSERT INTO `city` VALUES ('115', '福州市', '350000', '13', '2017-01-01 15:59:11', '2017-01-01 15:59:11');
INSERT INTO `city` VALUES ('116', '厦门市', '361000', '13', '2017-01-01 15:59:11', '2017-01-01 15:59:11');
INSERT INTO `city` VALUES ('117', '莆田市', '351100', '13', '2017-01-01 15:59:11', '2017-01-01 15:59:11');
INSERT INTO `city` VALUES ('118', '三明市', '365000', '13', '2017-01-01 15:59:11', '2017-01-01 15:59:11');
INSERT INTO `city` VALUES ('119', '泉州市', '362000', '13', '2017-01-01 15:59:11', '2017-01-01 15:59:11');
INSERT INTO `city` VALUES ('120', '漳州市', '363000', '13', '2017-01-01 15:59:11', '2017-01-01 15:59:11');
INSERT INTO `city` VALUES ('121', '南平市', '353000', '13', '2017-01-01 15:59:11', '2017-01-01 15:59:11');
INSERT INTO `city` VALUES ('122', '龙岩市', '364000', '13', '2017-01-01 15:59:11', '2017-01-01 15:59:11');
INSERT INTO `city` VALUES ('123', '宁德市', '352100', '13', '2017-01-01 15:59:11', '2017-01-01 15:59:11');
INSERT INTO `city` VALUES ('124', '南昌市', '330000', '14', '2017-01-01 15:59:11', '2017-01-01 15:59:11');
INSERT INTO `city` VALUES ('125', '景德镇市', '333000', '14', '2017-01-01 15:59:11', '2017-01-01 15:59:11');
INSERT INTO `city` VALUES ('126', '萍乡市', '337000', '14', '2017-01-01 15:59:11', '2017-01-01 15:59:11');
INSERT INTO `city` VALUES ('127', '九江市', '332000', '14', '2017-01-01 15:59:11', '2017-01-01 15:59:11');
INSERT INTO `city` VALUES ('128', '新余市', '338000', '14', '2017-01-01 15:59:11', '2017-01-01 15:59:11');
INSERT INTO `city` VALUES ('129', '鹰潭市', '335000', '14', '2017-01-01 15:59:11', '2017-01-01 15:59:11');
INSERT INTO `city` VALUES ('130', '赣州市', '341000', '14', '2017-01-01 15:59:11', '2017-01-01 15:59:11');
INSERT INTO `city` VALUES ('131', '吉安市', '343000', '14', '2017-01-01 15:59:11', '2017-01-01 15:59:11');
INSERT INTO `city` VALUES ('132', '宜春市', '336000', '14', '2017-01-01 15:59:11', '2017-01-01 15:59:11');
INSERT INTO `city` VALUES ('133', '抚州市', '332900', '14', '2017-01-01 15:59:11', '2017-01-01 15:59:11');
INSERT INTO `city` VALUES ('134', '上饶市', '334000', '14', '2017-01-01 15:59:11', '2017-01-01 15:59:11');
INSERT INTO `city` VALUES ('135', '济南市', '250000', '15', '2017-01-01 15:59:11', '2017-01-01 15:59:11');
INSERT INTO `city` VALUES ('136', '青岛市', '266000', '15', '2017-01-01 15:59:11', '2017-01-01 15:59:11');
INSERT INTO `city` VALUES ('137', '淄博市', '255000', '15', '2017-01-01 15:59:11', '2017-01-01 15:59:11');
INSERT INTO `city` VALUES ('138', '枣庄市', '277100', '15', '2017-01-01 15:59:11', '2017-01-01 15:59:11');
INSERT INTO `city` VALUES ('139', '东营市', '257000', '15', '2017-01-01 15:59:11', '2017-01-01 15:59:11');
INSERT INTO `city` VALUES ('140', '烟台市', '264000', '15', '2017-01-01 15:59:11', '2017-01-01 15:59:11');
INSERT INTO `city` VALUES ('141', '潍坊市', '261000', '15', '2017-01-01 15:59:11', '2017-01-01 15:59:11');
INSERT INTO `city` VALUES ('142', '济宁市', '272100', '15', '2017-01-01 15:59:11', '2017-01-01 15:59:11');
INSERT INTO `city` VALUES ('143', '泰安市', '271000', '15', '2017-01-01 15:59:11', '2017-01-01 15:59:11');
INSERT INTO `city` VALUES ('144', '威海市', '265700', '15', '2017-01-01 15:59:11', '2017-01-01 15:59:11');
INSERT INTO `city` VALUES ('145', '日照市', '276800', '15', '2017-01-01 15:59:11', '2017-01-01 15:59:11');
INSERT INTO `city` VALUES ('146', '莱芜市', '271100', '15', '2017-01-01 15:59:11', '2017-01-01 15:59:11');
INSERT INTO `city` VALUES ('147', '临沂市', '276000', '15', '2017-01-01 15:59:11', '2017-01-01 15:59:11');
INSERT INTO `city` VALUES ('148', '德州市', '253000', '15', '2017-01-01 15:59:11', '2017-01-01 15:59:11');
INSERT INTO `city` VALUES ('149', '聊城市', '252000', '15', '2017-01-01 15:59:11', '2017-01-01 15:59:11');
INSERT INTO `city` VALUES ('150', '滨州市', '256600', '15', '2017-01-01 15:59:11', '2017-01-01 15:59:11');
INSERT INTO `city` VALUES ('151', '荷泽市', '255000', '15', '2017-01-01 15:59:11', '2017-01-01 15:59:11');
INSERT INTO `city` VALUES ('152', '郑州市', '450000', '16', '2017-01-01 15:59:11', '2017-01-01 15:59:11');
INSERT INTO `city` VALUES ('153', '开封市', '475000', '16', '2017-01-01 15:59:11', '2017-01-01 15:59:11');
INSERT INTO `city` VALUES ('154', '洛阳市', '471000', '16', '2017-01-01 15:59:11', '2017-01-01 15:59:11');
INSERT INTO `city` VALUES ('155', '平顶山市', '467000', '16', '2017-01-01 15:59:11', '2017-01-01 15:59:11');
INSERT INTO `city` VALUES ('156', '安阳市', '454900', '16', '2017-01-01 15:59:11', '2017-01-01 15:59:11');
INSERT INTO `city` VALUES ('157', '鹤壁市', '456600', '16', '2017-01-01 15:59:11', '2017-01-01 15:59:11');
INSERT INTO `city` VALUES ('158', '新乡市', '453000', '16', '2017-01-01 15:59:11', '2017-01-01 15:59:11');
INSERT INTO `city` VALUES ('159', '焦作市', '454100', '16', '2017-01-01 15:59:11', '2017-01-01 15:59:11');
INSERT INTO `city` VALUES ('160', '濮阳市', '457000', '16', '2017-01-01 15:59:11', '2017-01-01 15:59:11');
INSERT INTO `city` VALUES ('161', '许昌市', '461000', '16', '2017-01-01 15:59:11', '2017-01-01 15:59:11');
INSERT INTO `city` VALUES ('162', '漯河市', '462000', '16', '2017-01-01 15:59:11', '2017-01-01 15:59:11');
INSERT INTO `city` VALUES ('163', '三门峡市', '472000', '16', '2017-01-01 15:59:11', '2017-01-01 15:59:11');
INSERT INTO `city` VALUES ('164', '南阳市', '473000', '16', '2017-01-01 15:59:11', '2017-01-01 15:59:11');
INSERT INTO `city` VALUES ('165', '商丘市', '476000', '16', '2017-01-01 15:59:11', '2017-01-01 15:59:11');
INSERT INTO `city` VALUES ('166', '信阳市', '464000', '16', '2017-01-01 15:59:11', '2017-01-01 15:59:11');
INSERT INTO `city` VALUES ('167', '周口市', '466000', '16', '2017-01-01 15:59:11', '2017-01-01 15:59:11');
INSERT INTO `city` VALUES ('168', '驻马店市', '463000', '16', '2017-01-01 15:59:11', '2017-01-01 15:59:11');
INSERT INTO `city` VALUES ('169', '武汉市', '430000', '17', '2017-01-01 15:59:11', '2017-01-01 15:59:11');
INSERT INTO `city` VALUES ('170', '黄石市', '435000', '17', '2017-01-01 15:59:11', '2017-01-01 15:59:11');
INSERT INTO `city` VALUES ('171', '十堰市', '442000', '17', '2017-01-01 15:59:11', '2017-01-01 15:59:11');
INSERT INTO `city` VALUES ('172', '宜昌市', '443000', '17', '2017-01-01 15:59:11', '2017-01-01 15:59:11');
INSERT INTO `city` VALUES ('173', '襄樊市', '441000', '17', '2017-01-01 15:59:11', '2017-01-01 15:59:11');
INSERT INTO `city` VALUES ('174', '鄂州市', '436000', '17', '2017-01-01 15:59:11', '2017-01-01 15:59:11');
INSERT INTO `city` VALUES ('175', '荆门市', '448000', '17', '2017-01-01 15:59:12', '2017-01-01 15:59:12');
INSERT INTO `city` VALUES ('176', '孝感市', '432100', '17', '2017-01-01 15:59:12', '2017-01-01 15:59:12');
INSERT INTO `city` VALUES ('177', '荆州市', '434000', '17', '2017-01-01 15:59:12', '2017-01-01 15:59:12');
INSERT INTO `city` VALUES ('178', '黄冈市', '438000', '17', '2017-01-01 15:59:12', '2017-01-01 15:59:12');
INSERT INTO `city` VALUES ('179', '咸宁市', '437000', '17', '2017-01-01 15:59:12', '2017-01-01 15:59:12');
INSERT INTO `city` VALUES ('180', '随州市', '441300', '17', '2017-01-01 15:59:12', '2017-01-01 15:59:12');
INSERT INTO `city` VALUES ('181', '恩施土家族苗族自治州', '445000', '17', '2017-01-01 15:59:12', '2017-01-01 15:59:12');
INSERT INTO `city` VALUES ('182', '神农架', '442400', '17', '2017-01-01 15:59:12', '2017-01-01 15:59:12');
INSERT INTO `city` VALUES ('183', '长沙市', '410000', '18', '2017-01-01 15:59:12', '2017-01-01 15:59:12');
INSERT INTO `city` VALUES ('184', '株洲市', '412000', '18', '2017-01-01 15:59:12', '2017-01-01 15:59:12');
INSERT INTO `city` VALUES ('185', '湘潭市', '411100', '18', '2017-01-01 15:59:12', '2017-01-01 15:59:12');
INSERT INTO `city` VALUES ('186', '衡阳市', '421000', '18', '2017-01-01 15:59:12', '2017-01-01 15:59:12');
INSERT INTO `city` VALUES ('187', '邵阳市', '422000', '18', '2017-01-01 15:59:12', '2017-01-01 15:59:12');
INSERT INTO `city` VALUES ('188', '岳阳市', '414000', '18', '2017-01-01 15:59:12', '2017-01-01 15:59:12');
INSERT INTO `city` VALUES ('189', '常德市', '415000', '18', '2017-01-01 15:59:12', '2017-01-01 15:59:12');
INSERT INTO `city` VALUES ('190', '张家界市', '427000', '18', '2017-01-01 15:59:12', '2017-01-01 15:59:12');
INSERT INTO `city` VALUES ('191', '益阳市', '413000', '18', '2017-01-01 15:59:12', '2017-01-01 15:59:12');
INSERT INTO `city` VALUES ('192', '郴州市', '423000', '18', '2017-01-01 15:59:12', '2017-01-01 15:59:12');
INSERT INTO `city` VALUES ('193', '永州市', '425000', '18', '2017-01-01 15:59:12', '2017-01-01 15:59:12');
INSERT INTO `city` VALUES ('194', '怀化市', '418000', '18', '2017-01-01 15:59:12', '2017-01-01 15:59:12');
INSERT INTO `city` VALUES ('195', '娄底市', '417000', '18', '2017-01-01 15:59:12', '2017-01-01 15:59:12');
INSERT INTO `city` VALUES ('196', '湘西土家族苗族自治州', '416000', '18', '2017-01-01 15:59:12', '2017-01-01 15:59:12');
INSERT INTO `city` VALUES ('197', '广州市', '510000', '19', '2017-01-01 15:59:12', '2017-01-01 15:59:12');
INSERT INTO `city` VALUES ('198', '韶关市', '521000', '19', '2017-01-01 15:59:12', '2017-01-01 15:59:12');
INSERT INTO `city` VALUES ('199', '深圳市', '518000', '19', '2017-01-01 15:59:12', '2017-01-01 15:59:12');
INSERT INTO `city` VALUES ('200', '珠海市', '519000', '19', '2017-01-01 15:59:12', '2017-01-01 15:59:12');
INSERT INTO `city` VALUES ('201', '汕头市', '515000', '19', '2017-01-01 15:59:12', '2017-01-01 15:59:12');
INSERT INTO `city` VALUES ('202', '佛山市', '528000', '19', '2017-01-01 15:59:12', '2017-01-01 15:59:12');
INSERT INTO `city` VALUES ('203', '江门市', '529000', '19', '2017-01-01 15:59:12', '2017-01-01 15:59:12');
INSERT INTO `city` VALUES ('204', '湛江市', '524000', '19', '2017-01-01 15:59:12', '2017-01-01 15:59:12');
INSERT INTO `city` VALUES ('205', '茂名市', '525000', '19', '2017-01-01 15:59:12', '2017-01-01 15:59:12');
INSERT INTO `city` VALUES ('206', '肇庆市', '526000', '19', '2017-01-01 15:59:12', '2017-01-01 15:59:12');
INSERT INTO `city` VALUES ('207', '惠州市', '516000', '19', '2017-01-01 15:59:12', '2017-01-01 15:59:12');
INSERT INTO `city` VALUES ('208', '梅州市', '514000', '19', '2017-01-01 15:59:12', '2017-01-01 15:59:12');
INSERT INTO `city` VALUES ('209', '汕尾市', '516600', '19', '2017-01-01 15:59:12', '2017-01-01 15:59:12');
INSERT INTO `city` VALUES ('210', '河源市', '517000', '19', '2017-01-01 15:59:12', '2017-01-01 15:59:12');
INSERT INTO `city` VALUES ('211', '阳江市', '529500', '19', '2017-01-01 15:59:12', '2017-01-01 15:59:12');
INSERT INTO `city` VALUES ('212', '清远市', '511500', '19', '2017-01-01 15:59:12', '2017-01-01 15:59:12');
INSERT INTO `city` VALUES ('213', '东莞市', '511700', '19', '2017-01-01 15:59:12', '2017-01-01 15:59:12');
INSERT INTO `city` VALUES ('214', '中山市', '528400', '19', '2017-01-01 15:59:12', '2017-01-01 15:59:12');
INSERT INTO `city` VALUES ('215', '潮州市', '515600', '19', '2017-01-01 15:59:12', '2017-01-01 15:59:12');
INSERT INTO `city` VALUES ('216', '揭阳市', '522000', '19', '2017-01-01 15:59:12', '2017-01-01 15:59:12');
INSERT INTO `city` VALUES ('217', '云浮市', '527300', '19', '2017-01-01 15:59:12', '2017-01-01 15:59:12');
INSERT INTO `city` VALUES ('218', '南宁市', '530000', '20', '2017-01-01 15:59:12', '2017-01-01 15:59:12');
INSERT INTO `city` VALUES ('219', '柳州市', '545000', '20', '2017-01-01 15:59:12', '2017-01-01 15:59:12');
INSERT INTO `city` VALUES ('220', '桂林市', '541000', '20', '2017-01-01 15:59:12', '2017-01-01 15:59:12');
INSERT INTO `city` VALUES ('221', '梧州市', '543000', '20', '2017-01-01 15:59:12', '2017-01-01 15:59:12');
INSERT INTO `city` VALUES ('222', '北海市', '536000', '20', '2017-01-01 15:59:12', '2017-01-01 15:59:12');
INSERT INTO `city` VALUES ('223', '防城港市', '538000', '20', '2017-01-01 15:59:12', '2017-01-01 15:59:12');
INSERT INTO `city` VALUES ('224', '钦州市', '535000', '20', '2017-01-01 15:59:12', '2017-01-01 15:59:12');
INSERT INTO `city` VALUES ('225', '贵港市', '537100', '20', '2017-01-01 15:59:12', '2017-01-01 15:59:12');
INSERT INTO `city` VALUES ('226', '玉林市', '537000', '20', '2017-01-01 15:59:12', '2017-01-01 15:59:12');
INSERT INTO `city` VALUES ('227', '百色市', '533000', '20', '2017-01-01 15:59:12', '2017-01-01 15:59:12');
INSERT INTO `city` VALUES ('228', '贺州市', '542800', '20', '2017-01-01 15:59:12', '2017-01-01 15:59:12');
INSERT INTO `city` VALUES ('229', '河池市', '547000', '20', '2017-01-01 15:59:12', '2017-01-01 15:59:12');
INSERT INTO `city` VALUES ('230', '来宾市', '546100', '20', '2017-01-01 15:59:12', '2017-01-01 15:59:12');
INSERT INTO `city` VALUES ('231', '崇左市', '532200', '20', '2017-01-01 15:59:12', '2017-01-01 15:59:12');
INSERT INTO `city` VALUES ('232', '海口市', '570000', '21', '2017-01-01 15:59:12', '2017-01-01 15:59:12');
INSERT INTO `city` VALUES ('233', '三亚市', '572000', '21', '2017-01-01 15:59:12', '2017-01-01 15:59:12');
INSERT INTO `city` VALUES ('234', '重庆市', '400000', '22', '2017-01-01 15:59:12', '2017-01-01 15:59:12');
INSERT INTO `city` VALUES ('235', '成都市', '610000', '23', '2017-01-01 15:59:12', '2017-01-01 15:59:12');
INSERT INTO `city` VALUES ('236', '自贡市', '643000', '23', '2017-01-01 15:59:12', '2017-01-01 15:59:12');
INSERT INTO `city` VALUES ('237', '攀枝花市', '617000', '23', '2017-01-01 15:59:12', '2017-01-01 15:59:12');
INSERT INTO `city` VALUES ('238', '泸州市', '646100', '23', '2017-01-01 15:59:12', '2017-01-01 15:59:12');
INSERT INTO `city` VALUES ('239', '德阳市', '618000', '23', '2017-01-01 15:59:12', '2017-01-01 15:59:12');
INSERT INTO `city` VALUES ('240', '绵阳市', '621000', '23', '2017-01-01 15:59:12', '2017-01-01 15:59:12');
INSERT INTO `city` VALUES ('241', '广元市', '628000', '23', '2017-01-01 15:59:12', '2017-01-01 15:59:12');
INSERT INTO `city` VALUES ('242', '遂宁市', '629000', '23', '2017-01-01 15:59:12', '2017-01-01 15:59:12');
INSERT INTO `city` VALUES ('243', '内江市', '641000', '23', '2017-01-01 15:59:13', '2017-01-01 15:59:13');
INSERT INTO `city` VALUES ('244', '乐山市', '614000', '23', '2017-01-01 15:59:13', '2017-01-01 15:59:13');
INSERT INTO `city` VALUES ('245', '南充市', '637000', '23', '2017-01-01 15:59:13', '2017-01-01 15:59:13');
INSERT INTO `city` VALUES ('246', '眉山市', '612100', '23', '2017-01-01 15:59:13', '2017-01-01 15:59:13');
INSERT INTO `city` VALUES ('247', '宜宾市', '644000', '23', '2017-01-01 15:59:13', '2017-01-01 15:59:13');
INSERT INTO `city` VALUES ('248', '广安市', '638000', '23', '2017-01-01 15:59:13', '2017-01-01 15:59:13');
INSERT INTO `city` VALUES ('249', '达州市', '635000', '23', '2017-01-01 15:59:13', '2017-01-01 15:59:13');
INSERT INTO `city` VALUES ('250', '雅安市', '625000', '23', '2017-01-01 15:59:13', '2017-01-01 15:59:13');
INSERT INTO `city` VALUES ('251', '巴中市', '635500', '23', '2017-01-01 15:59:13', '2017-01-01 15:59:13');
INSERT INTO `city` VALUES ('252', '资阳市', '641300', '23', '2017-01-01 15:59:13', '2017-01-01 15:59:13');
INSERT INTO `city` VALUES ('253', '阿坝藏族羌族自治州', '624600', '23', '2017-01-01 15:59:13', '2017-01-01 15:59:13');
INSERT INTO `city` VALUES ('254', '甘孜藏族自治州', '626000', '23', '2017-01-01 15:59:13', '2017-01-01 15:59:13');
INSERT INTO `city` VALUES ('255', '凉山彝族自治州', '615000', '23', '2017-01-01 15:59:13', '2017-01-01 15:59:13');
INSERT INTO `city` VALUES ('256', '贵阳市', '55000', '24', '2017-01-01 15:59:13', '2017-01-01 15:59:13');
INSERT INTO `city` VALUES ('257', '六盘水市', '553000', '24', '2017-01-01 15:59:13', '2017-01-01 15:59:13');
INSERT INTO `city` VALUES ('258', '遵义市', '563000', '24', '2017-01-01 15:59:13', '2017-01-01 15:59:13');
INSERT INTO `city` VALUES ('259', '安顺市', '561000', '24', '2017-01-01 15:59:13', '2017-01-01 15:59:13');
INSERT INTO `city` VALUES ('260', '铜仁地区', '554300', '24', '2017-01-01 15:59:13', '2017-01-01 15:59:13');
INSERT INTO `city` VALUES ('261', '黔西南布依族苗族自治州', '551500', '24', '2017-01-01 15:59:13', '2017-01-01 15:59:13');
INSERT INTO `city` VALUES ('262', '毕节地区', '551700', '24', '2017-01-01 15:59:13', '2017-01-01 15:59:13');
INSERT INTO `city` VALUES ('263', '黔东南苗族侗族自治州', '551500', '24', '2017-01-01 15:59:13', '2017-01-01 15:59:13');
INSERT INTO `city` VALUES ('264', '黔南布依族苗族自治州', '550100', '24', '2017-01-01 15:59:13', '2017-01-01 15:59:13');
INSERT INTO `city` VALUES ('265', '昆明市', '650000', '25', '2017-01-01 15:59:13', '2017-01-01 15:59:13');
INSERT INTO `city` VALUES ('266', '曲靖市', '655000', '25', '2017-01-01 15:59:13', '2017-01-01 15:59:13');
INSERT INTO `city` VALUES ('267', '玉溪市', '653100', '25', '2017-01-01 15:59:13', '2017-01-01 15:59:13');
INSERT INTO `city` VALUES ('268', '保山市', '678000', '25', '2017-01-01 15:59:13', '2017-01-01 15:59:13');
INSERT INTO `city` VALUES ('269', '昭通市', '657000', '25', '2017-01-01 15:59:13', '2017-01-01 15:59:13');
INSERT INTO `city` VALUES ('270', '丽江市', '674100', '25', '2017-01-01 15:59:13', '2017-01-01 15:59:13');
INSERT INTO `city` VALUES ('271', '思茅市', '665000', '25', '2017-01-01 15:59:13', '2017-01-01 15:59:13');
INSERT INTO `city` VALUES ('272', '临沧市', '677000', '25', '2017-01-01 15:59:13', '2017-01-01 15:59:13');
INSERT INTO `city` VALUES ('273', '楚雄彝族自治州', '675000', '25', '2017-01-01 15:59:13', '2017-01-01 15:59:13');
INSERT INTO `city` VALUES ('274', '红河哈尼族彝族自治州', '654400', '25', '2017-01-01 15:59:13', '2017-01-01 15:59:13');
INSERT INTO `city` VALUES ('275', '文山壮族苗族自治州', '663000', '25', '2017-01-01 15:59:13', '2017-01-01 15:59:13');
INSERT INTO `city` VALUES ('276', '西双版纳傣族自治州', '666200', '25', '2017-01-01 15:59:13', '2017-01-01 15:59:13');
INSERT INTO `city` VALUES ('277', '大理白族自治州', '671000', '25', '2017-01-01 15:59:13', '2017-01-01 15:59:13');
INSERT INTO `city` VALUES ('278', '德宏傣族景颇族自治州', '678400', '25', '2017-01-01 15:59:13', '2017-01-01 15:59:13');
INSERT INTO `city` VALUES ('279', '怒江傈僳族自治州', '671400', '25', '2017-01-01 15:59:13', '2017-01-01 15:59:13');
INSERT INTO `city` VALUES ('280', '迪庆藏族自治州', '674400', '25', '2017-01-01 15:59:13', '2017-01-01 15:59:13');
INSERT INTO `city` VALUES ('281', '拉萨市', '850000', '26', '2017-01-01 15:59:13', '2017-01-01 15:59:13');
INSERT INTO `city` VALUES ('282', '昌都地区', '854000', '26', '2017-01-01 15:59:13', '2017-01-01 15:59:13');
INSERT INTO `city` VALUES ('283', '山南地区', '856000', '26', '2017-01-01 15:59:13', '2017-01-01 15:59:13');
INSERT INTO `city` VALUES ('284', '日喀则地区', '857000', '26', '2017-01-01 15:59:13', '2017-01-01 15:59:13');
INSERT INTO `city` VALUES ('285', '那曲地区', '852000', '26', '2017-01-01 15:59:13', '2017-01-01 15:59:13');
INSERT INTO `city` VALUES ('286', '阿里地区', '859100', '26', '2017-01-01 15:59:13', '2017-01-01 15:59:13');
INSERT INTO `city` VALUES ('287', '林芝地区', '860100', '26', '2017-01-01 15:59:13', '2017-01-01 15:59:13');
INSERT INTO `city` VALUES ('288', '西安市', '710000', '27', '2017-01-01 15:59:13', '2017-01-01 15:59:13');
INSERT INTO `city` VALUES ('289', '铜川市', '727000', '27', '2017-01-01 15:59:13', '2017-01-01 15:59:13');
INSERT INTO `city` VALUES ('290', '宝鸡市', '721000', '27', '2017-01-01 15:59:13', '2017-01-01 15:59:13');
INSERT INTO `city` VALUES ('291', '咸阳市', '712000', '27', '2017-01-01 15:59:13', '2017-01-01 15:59:13');
INSERT INTO `city` VALUES ('292', '渭南市', '714000', '27', '2017-01-01 15:59:13', '2017-01-01 15:59:13');
INSERT INTO `city` VALUES ('293', '延安市', '716000', '27', '2017-01-01 15:59:13', '2017-01-01 15:59:13');
INSERT INTO `city` VALUES ('294', '汉中市', '723000', '27', '2017-01-01 15:59:13', '2017-01-01 15:59:13');
INSERT INTO `city` VALUES ('295', '榆林市', '719000', '27', '2017-01-01 15:59:13', '2017-01-01 15:59:13');
INSERT INTO `city` VALUES ('296', '安康市', '725000', '27', '2017-01-01 15:59:13', '2017-01-01 15:59:13');
INSERT INTO `city` VALUES ('297', '商洛市', '711500', '27', '2017-01-01 15:59:13', '2017-01-01 15:59:13');
INSERT INTO `city` VALUES ('298', '兰州市', '730000', '28', '2017-01-01 15:59:13', '2017-01-01 15:59:13');
INSERT INTO `city` VALUES ('299', '嘉峪关市', '735100', '28', '2017-01-01 15:59:13', '2017-01-01 15:59:13');
INSERT INTO `city` VALUES ('300', '金昌市', '737100', '28', '2017-01-01 15:59:13', '2017-01-01 15:59:13');
INSERT INTO `city` VALUES ('301', '白银市', '730900', '28', '2017-01-01 15:59:13', '2017-01-01 15:59:13');
INSERT INTO `city` VALUES ('302', '天水市', '741000', '28', '2017-01-01 15:59:13', '2017-01-01 15:59:13');
INSERT INTO `city` VALUES ('303', '武威市', '733000', '28', '2017-01-01 15:59:13', '2017-01-01 15:59:13');
INSERT INTO `city` VALUES ('304', '张掖市', '734000', '28', '2017-01-01 15:59:13', '2017-01-01 15:59:13');
INSERT INTO `city` VALUES ('305', '平凉市', '744000', '28', '2017-01-01 15:59:13', '2017-01-01 15:59:13');
INSERT INTO `city` VALUES ('306', '酒泉市', '735000', '28', '2017-01-01 15:59:13', '2017-01-01 15:59:13');
INSERT INTO `city` VALUES ('307', '庆阳市', '744500', '28', '2017-01-01 15:59:13', '2017-01-01 15:59:13');
INSERT INTO `city` VALUES ('308', '定西市', '743000', '28', '2017-01-01 15:59:13', '2017-01-01 15:59:13');
INSERT INTO `city` VALUES ('309', '陇南市', '742100', '28', '2017-01-01 15:59:13', '2017-01-01 15:59:13');
INSERT INTO `city` VALUES ('310', '临夏回族自治州', '731100', '28', '2017-01-01 15:59:13', '2017-01-01 15:59:13');
INSERT INTO `city` VALUES ('311', '甘南藏族自治州', '747000', '28', '2017-01-01 15:59:13', '2017-01-01 15:59:13');
INSERT INTO `city` VALUES ('312', '西宁市', '810000', '29', '2017-01-01 15:59:14', '2017-01-01 15:59:14');
INSERT INTO `city` VALUES ('313', '海东地区', '810600', '29', '2017-01-01 15:59:14', '2017-01-01 15:59:14');
INSERT INTO `city` VALUES ('314', '海北藏族自治州', '810300', '29', '2017-01-01 15:59:14', '2017-01-01 15:59:14');
INSERT INTO `city` VALUES ('315', '黄南藏族自治州', '811300', '29', '2017-01-01 15:59:14', '2017-01-01 15:59:14');
INSERT INTO `city` VALUES ('316', '海南藏族自治州', '813000', '29', '2017-01-01 15:59:14', '2017-01-01 15:59:14');
INSERT INTO `city` VALUES ('317', '果洛藏族自治州', '814000', '29', '2017-01-01 15:59:14', '2017-01-01 15:59:14');
INSERT INTO `city` VALUES ('318', '玉树藏族自治州', '815000', '29', '2017-01-01 15:59:14', '2017-01-01 15:59:14');
INSERT INTO `city` VALUES ('319', '海西蒙古族藏族自治州', '817000', '29', '2017-01-01 15:59:14', '2017-01-01 15:59:14');
INSERT INTO `city` VALUES ('320', '银川市', '750000', '30', '2017-01-01 15:59:14', '2017-01-01 15:59:14');
INSERT INTO `city` VALUES ('321', '石嘴山市', '753000', '30', '2017-01-01 15:59:14', '2017-01-01 15:59:14');
INSERT INTO `city` VALUES ('322', '吴忠市', '751100', '30', '2017-01-01 15:59:14', '2017-01-01 15:59:14');
INSERT INTO `city` VALUES ('323', '固原市', '756000', '30', '2017-01-01 15:59:14', '2017-01-01 15:59:14');
INSERT INTO `city` VALUES ('324', '中卫市', '751700', '30', '2017-01-01 15:59:14', '2017-01-01 15:59:14');
INSERT INTO `city` VALUES ('325', '乌鲁木齐市', '830000', '31', '2017-01-01 15:59:14', '2017-01-01 15:59:14');
INSERT INTO `city` VALUES ('326', '克拉玛依市', '834000', '31', '2017-01-01 15:59:14', '2017-01-01 15:59:14');
INSERT INTO `city` VALUES ('327', '吐鲁番地区', '838000', '31', '2017-01-01 15:59:14', '2017-01-01 15:59:14');
INSERT INTO `city` VALUES ('328', '哈密地区', '839000', '31', '2017-01-01 15:59:14', '2017-01-01 15:59:14');
INSERT INTO `city` VALUES ('329', '昌吉回族自治州', '831100', '31', '2017-01-01 15:59:14', '2017-01-01 15:59:14');
INSERT INTO `city` VALUES ('330', '博尔塔拉蒙古自治州', '833400', '31', '2017-01-01 15:59:14', '2017-01-01 15:59:14');
INSERT INTO `city` VALUES ('331', '巴音郭楞蒙古自治州', '841000', '31', '2017-01-01 15:59:14', '2017-01-01 15:59:14');
INSERT INTO `city` VALUES ('332', '阿克苏地区', '843000', '31', '2017-01-01 15:59:14', '2017-01-01 15:59:14');
INSERT INTO `city` VALUES ('333', '克孜勒苏柯尔克孜自治州', '835600', '31', '2017-01-01 15:59:14', '2017-01-01 15:59:14');
INSERT INTO `city` VALUES ('334', '喀什地区', '844000', '31', '2017-01-01 15:59:14', '2017-01-01 15:59:14');
INSERT INTO `city` VALUES ('335', '和田地区', '848000', '31', '2017-01-01 15:59:14', '2017-01-01 15:59:14');
INSERT INTO `city` VALUES ('336', '伊犁哈萨克自治州', '833200', '31', '2017-01-01 15:59:14', '2017-01-01 15:59:14');
INSERT INTO `city` VALUES ('337', '塔城地区', '834700', '31', '2017-01-01 15:59:14', '2017-01-01 15:59:14');
INSERT INTO `city` VALUES ('338', '阿勒泰地区', '836500', '31', '2017-01-01 15:59:14', '2017-01-01 15:59:14');
INSERT INTO `city` VALUES ('339', '石河子市', '832000', '31', '2017-01-01 15:59:14', '2017-01-01 15:59:14');
INSERT INTO `city` VALUES ('340', '阿拉尔市', '843300', '31', '2017-01-01 15:59:14', '2017-01-01 15:59:14');
INSERT INTO `city` VALUES ('341', '图木舒克市', '843900', '31', '2017-01-01 15:59:14', '2017-01-01 15:59:14');
INSERT INTO `city` VALUES ('342', '五家渠市', '831300', '31', '2017-01-01 15:59:14', '2017-01-01 15:59:14');
INSERT INTO `city` VALUES ('343', '香港特别行政区', '000000', '32', '2017-01-01 15:59:14', '2017-01-01 15:59:14');
INSERT INTO `city` VALUES ('344', '澳门特别行政区', '000000', '33', '2017-01-01 15:59:14', '2017-01-01 15:59:14');
INSERT INTO `city` VALUES ('345', '台湾省', '000000', '34', '2017-01-01 15:59:14', '2017-01-01 15:59:14');

-- ----------------------------
-- Table structure for `comment`
-- ----------------------------
DROP TABLE IF EXISTS `comment`;
CREATE TABLE `comment` (
  `id` int(11) NOT NULL auto_increment,
  `userId` int(11) default NULL,
  `goodId` int(11) default NULL,
  `value` char(80) default NULL,
  `time` datetime default NULL,
  PRIMARY KEY  (`id`)
) ENGINE=InnoDB DEFAULT CHARSET=gb2312;

-- ----------------------------
-- Records of comment
-- ----------------------------
INSERT INTO `comment` VALUES ('2', '2', '9', 'asdasfsdsf', '2017-01-09 10:01:16');
INSERT INTO `comment` VALUES ('3', '2', '9', 'qqqqqq', '2017-01-09 10:01:46');
INSERT INTO `comment` VALUES ('4', '2', '9', '哈哈', '2017-01-09 10:54:14');
INSERT INTO `comment` VALUES ('5', '2', '9', '我的三分变态准', '2017-01-09 10:56:00');
INSERT INTO `comment` VALUES ('6', '2', '9', '我的运球啊', '2017-01-09 10:58:02');
INSERT INTO `comment` VALUES ('7', '2', '9', '好累啊，一上午', '2017-01-09 11:06:06');
INSERT INTO `comment` VALUES ('8', '4', '9', '嘻嘻', '2017-01-09 11:12:38');
INSERT INTO `comment` VALUES ('9', '4', '9', 'a', '2017-01-09 11:16:52');
INSERT INTO `comment` VALUES ('10', '4', '9', 'sssss', '2017-01-09 11:21:00');
INSERT INTO `comment` VALUES ('11', '7', '9', 'qqqqqqqqqq', '2017-01-10 13:52:14');

-- ----------------------------
-- Table structure for `detail`
-- ----------------------------
DROP TABLE IF EXISTS `detail`;
CREATE TABLE `detail` (
  `id` int(11) NOT NULL auto_increment,
  `orderId` int(11) default NULL,
  `goodId` int(11) default NULL,
  `number` int(11) default NULL,
  PRIMARY KEY  (`id`)
) ENGINE=InnoDB DEFAULT CHARSET=gb2312;

-- ----------------------------
-- Records of detail
-- ----------------------------
INSERT INTO `detail` VALUES ('31', '23', '9', '1');
INSERT INTO `detail` VALUES ('32', '23', '17', '3');
INSERT INTO `detail` VALUES ('33', '23', '19', '1');
INSERT INTO `detail` VALUES ('34', '24', '9', '1');
INSERT INTO `detail` VALUES ('35', '24', '18', '1');
INSERT INTO `detail` VALUES ('36', '24', '28', '2');
INSERT INTO `detail` VALUES ('37', '25', '10', '1');
INSERT INTO `detail` VALUES ('38', '26', '31', '3');
INSERT INTO `detail` VALUES ('39', '27', '10', '3');
INSERT INTO `detail` VALUES ('40', '27', '15', '3');
INSERT INTO `detail` VALUES ('41', '28', '9', '1');
INSERT INTO `detail` VALUES ('42', '28', '15', '1');
INSERT INTO `detail` VALUES ('43', '28', '24', '1');
INSERT INTO `detail` VALUES ('44', '29', '30', '4');
INSERT INTO `detail` VALUES ('45', '30', '9', '1');
INSERT INTO `detail` VALUES ('46', '30', '18', '1');
INSERT INTO `detail` VALUES ('47', '30', '20', '1');
INSERT INTO `detail` VALUES ('48', '31', '15', '1');
INSERT INTO `detail` VALUES ('49', '31', '9', '1');
INSERT INTO `detail` VALUES ('50', '32', '9', '2');
INSERT INTO `detail` VALUES ('51', '33', '9', '2');
INSERT INTO `detail` VALUES ('52', '34', '9', '1');
INSERT INTO `detail` VALUES ('53', '35', '16', '3');
INSERT INTO `detail` VALUES ('54', '35', '25', '1');
INSERT INTO `detail` VALUES ('55', '36', '11', '2');
INSERT INTO `detail` VALUES ('56', '36', '10', '1');
INSERT INTO `detail` VALUES ('57', '37', '9', '3');
INSERT INTO `detail` VALUES ('58', '37', '10', '2');
INSERT INTO `detail` VALUES ('59', '37', '32', '1');
INSERT INTO `detail` VALUES ('60', '37', '24', '2');
INSERT INTO `detail` VALUES ('61', '37', '31', '5');
INSERT INTO `detail` VALUES ('62', '37', '29', '3');
INSERT INTO `detail` VALUES ('63', '38', '28', '1');
INSERT INTO `detail` VALUES ('64', '38', '25', '2');
INSERT INTO `detail` VALUES ('65', '38', '26', '1');
INSERT INTO `detail` VALUES ('66', '38', '32', '15');
INSERT INTO `detail` VALUES ('67', '38', '31', '2');
INSERT INTO `detail` VALUES ('68', '39', '9', '1');
INSERT INTO `detail` VALUES ('69', '39', '31', '1');
INSERT INTO `detail` VALUES ('70', '40', '20', '1');
INSERT INTO `detail` VALUES ('71', '40', '9', '4');
INSERT INTO `detail` VALUES ('72', '41', '15', '1');
INSERT INTO `detail` VALUES ('73', '41', '11', '1');

-- ----------------------------
-- Table structure for `good`
-- ----------------------------
DROP TABLE IF EXISTS `good`;
CREATE TABLE `good` (
  `id` int(11) NOT NULL auto_increment,
  `name` char(25) default NULL,
  `number` int(20) default NULL,
  `typeId` int(20) default NULL,
  `price` double(25,1) default NULL,
  `pictureName` char(40) default NULL,
  `description` char(60) default NULL,
  `flag` int(11) default '1',
  `featured` int(11) default '0',
  PRIMARY KEY  (`id`)
) ENGINE=InnoDB DEFAULT CHARSET=gb2312;

-- ----------------------------
-- Records of good
-- ----------------------------
INSERT INTO `good` VALUES ('9', '篮球', '100', '5', '100.0', '1482416332286.jpg', '室内专用', '1', '1');
INSERT INTO `good` VALUES ('10', '乐视薯条', '15', '6', '55555.0', '1482416369937.jpg', '吃的', '1', '1');
INSERT INTO `good` VALUES ('11', '小米手机', '6', '5', '1244.0', '1482385248060.jpg', '手机啊手机', '1', '1');
INSERT INTO `good` VALUES ('12', '汤普森', '1', '5', '1.0', '1482635178220.jpeg', '我的三分变态准', '1', '1');
INSERT INTO `good` VALUES ('13', '食用油', '22', '6', '111.0', '1482714836023.jpg', 'aaaaaaa', '0', '0');
INSERT INTO `good` VALUES ('14', '奶粉', '22', '6', '33.0', '1482714852039.jpg', 'aaaaaaaaaaaaaa', '1', '0');
INSERT INTO `good` VALUES ('15', '鼠标', '5', '7', '999.0', '1483342161994.jpg', '鼠标', '1', '0');
INSERT INTO `good` VALUES ('16', '内存卡', '88', '7', '66.0', '1483342189371.jpg', '8G内存卡', '1', '0');
INSERT INTO `good` VALUES ('17', '哑铃', '55', '5', '89.0', '1483343426703.png', '健身用的哑铃', '1', '0');
INSERT INTO `good` VALUES ('18', '足球', '55', '5', '33.0', '1483343451343.jpg', '儿童用足球', '1', '1');
INSERT INTO `good` VALUES ('19', '羽毛球', '66', '5', '55.0', '1483343484236.jpg', '羽毛球，桶装', '1', '0');
INSERT INTO `good` VALUES ('20', '跳绳', '101', '5', '68.6', '1483343634815.jpg', '跳绳，钢丝', '1', '0');
INSERT INTO `good` VALUES ('21', '滑板', '55', '5', '12.0', '1483343991440.jpg', '滑板', '1', '0');
INSERT INTO `good` VALUES ('22', '乒乓球拍', '55', '5', '43.5', '1483344029559.jpg', '双鱼，乒乓球拍', '1', '0');
INSERT INTO `good` VALUES ('23', '裁判专用口哨', '100', '5', '35.6', '1483344086522.jpg', '比赛专用口哨', '1', '0');
INSERT INTO `good` VALUES ('24', '哈佛中国史', '55', '11', '293.8', '1483356451117.jpg', '哈佛中国史 精装套装版', '1', '0');
INSERT INTO `good` VALUES ('25', '中国通史', '33', '11', '61.6', '1483356517386.jpg', '中国通史 套装上下册', '1', '0');
INSERT INTO `good` VALUES ('26', 'Java从入门到精通', '56', '11', '59.2', '1483356597442.jpg', 'Java从入门到精通(第四版 含光盘)', '1', '0');
INSERT INTO `good` VALUES ('27', 'Linux运维最佳实践', '44', '11', '56.9', '1483356705180.jpg', 'Linux运维最佳实践', '1', '0');
INSERT INTO `good` VALUES ('28', '时光映画', '33', '11', '40.0', '1483356780719.jpg', '时光映画 珍藏版', '1', '0');
INSERT INTO `good` VALUES ('29', '人间卧底', '66', '11', '28.5', '1483356891011.jpg', '人间卧底 马良著', '1', '1');
INSERT INTO `good` VALUES ('30', '文明的历史:发现者', '22', '11', '25.6', '1483357163089.jpg', '文明的历史:发现者 套装共5册', '1', '1');
INSERT INTO `good` VALUES ('31', '羽绒服', '55', '9', '666.0', '1483424491999.jpg', '羽绒服', '1', '1');
INSERT INTO `good` VALUES ('32', '维达纸巾', '55', '10', '66.7', '1483967234929.jpg', '维达抽纸', '1', '1');
INSERT INTO `good` VALUES ('33', 'sssssss', '3323', '5', '3333.0', '1484027064286.jpg', 'aaaaaa', '1', '0');

-- ----------------------------
-- Table structure for `order`
-- ----------------------------
DROP TABLE IF EXISTS `order`;
CREATE TABLE `order` (
  `id` int(11) NOT NULL auto_increment,
  `userId` int(11) default NULL,
  `time` datetime default NULL,
  `flag` int(11) default '0',
  `money` float(20,2) default NULL,
  PRIMARY KEY  (`id`)
) ENGINE=InnoDB DEFAULT CHARSET=gb2312;

-- ----------------------------
-- Records of order
-- ----------------------------
INSERT INTO `order` VALUES ('23', '2', '2017-01-08 19:58:44', '1', '422.00');
INSERT INTO `order` VALUES ('24', '4', '2017-01-08 20:41:18', '1', '213.00');
INSERT INTO `order` VALUES ('25', '4', '2017-01-08 20:41:33', '1', '6.00');
INSERT INTO `order` VALUES ('26', '4', '2017-01-08 20:41:53', '1', '1998.00');
INSERT INTO `order` VALUES ('27', '4', '2016-01-08 20:42:15', '1', '3015.00');
INSERT INTO `order` VALUES ('28', '1', '2017-01-08 20:45:26', '1', '1392.80');
INSERT INTO `order` VALUES ('29', '1', '2017-01-01 21:05:08', '1', '102.40');
INSERT INTO `order` VALUES ('30', '1', '2016-12-15 21:05:59', '1', '201.60');
INSERT INTO `order` VALUES ('31', '1', '2016-11-10 21:06:33', '1', '1099.00');
INSERT INTO `order` VALUES ('32', '4', '2017-01-09 11:13:04', '1', '200.00');
INSERT INTO `order` VALUES ('33', '4', '2017-01-09 11:16:26', '1', '200.00');
INSERT INTO `order` VALUES ('34', '4', '2017-01-09 11:17:06', '0', '100.00');
INSERT INTO `order` VALUES ('35', '5', '2017-01-09 21:03:07', '1', '259.60');
INSERT INTO `order` VALUES ('36', '6', '2017-01-10 09:42:07', '1', '2494.00');
INSERT INTO `order` VALUES ('37', '6', '2017-01-10 10:46:37', '1', '4381.80');
INSERT INTO `order` VALUES ('38', '6', '2017-01-10 10:58:03', '1', '2554.90');
INSERT INTO `order` VALUES ('39', '2', '2017-01-10 11:32:57', '1', '766.00');
INSERT INTO `order` VALUES ('40', '7', '2017-01-10 13:51:20', '1', '468.60');
INSERT INTO `order` VALUES ('41', '2', '2017-01-10 16:09:33', '1', '2243.00');

-- ----------------------------
-- Table structure for `province`
-- ----------------------------
DROP TABLE IF EXISTS `province`;
CREATE TABLE `province` (
  `id` bigint(20) NOT NULL,
  `pName` varchar(50) default NULL,
  `date_created` datetime default NULL,
  `date_updated` datetime default NULL,
  PRIMARY KEY  (`id`)
) ENGINE=MyISAM DEFAULT CHARSET=utf8;

-- ----------------------------
-- Records of province
-- ----------------------------
INSERT INTO `province` VALUES ('1', '北京市', '2017-01-01 15:59:41', '2017-01-01 15:59:41');
INSERT INTO `province` VALUES ('2', '天津市', '2017-01-01 15:59:41', '2017-01-01 15:59:41');
INSERT INTO `province` VALUES ('3', '河北省', '2017-01-01 15:59:41', '2017-01-01 15:59:41');
INSERT INTO `province` VALUES ('4', '山西省', '2017-01-01 15:59:41', '2017-01-01 15:59:41');
INSERT INTO `province` VALUES ('5', '内蒙古自治区', '2017-01-01 15:59:41', '2017-01-01 15:59:41');
INSERT INTO `province` VALUES ('6', '辽宁省', '2017-01-01 15:59:41', '2017-01-01 15:59:41');
INSERT INTO `province` VALUES ('7', '吉林省', '2017-01-01 15:59:41', '2017-01-01 15:59:41');
INSERT INTO `province` VALUES ('8', '黑龙江省', '2017-01-01 15:59:41', '2017-01-01 15:59:41');
INSERT INTO `province` VALUES ('9', '上海市', '2017-01-01 15:59:41', '2017-01-01 15:59:41');
INSERT INTO `province` VALUES ('10', '江苏省', '2017-01-01 15:59:41', '2017-01-01 15:59:41');
INSERT INTO `province` VALUES ('11', '浙江省', '2017-01-01 15:59:41', '2017-01-01 15:59:41');
INSERT INTO `province` VALUES ('12', '安徽省', '2017-01-01 15:59:41', '2017-01-01 15:59:41');
INSERT INTO `province` VALUES ('13', '福建省', '2017-01-01 15:59:41', '2017-01-01 15:59:41');
INSERT INTO `province` VALUES ('14', '江西省', '2017-01-01 15:59:41', '2017-01-01 15:59:41');
INSERT INTO `province` VALUES ('15', '山东省', '2017-01-01 15:59:41', '2017-01-01 15:59:41');
INSERT INTO `province` VALUES ('16', '河南省', '2017-01-01 15:59:41', '2017-01-01 15:59:41');
INSERT INTO `province` VALUES ('17', '湖北省', '2017-01-01 15:59:41', '2017-01-01 15:59:41');
INSERT INTO `province` VALUES ('18', '湖南省', '2017-01-01 15:59:41', '2017-01-01 15:59:41');
INSERT INTO `province` VALUES ('19', '广东省', '2017-01-01 15:59:41', '2017-01-01 15:59:41');
INSERT INTO `province` VALUES ('20', '广西壮族自治区', '2017-01-01 15:59:41', '2017-01-01 15:59:41');
INSERT INTO `province` VALUES ('21', '海南省', '2017-01-01 15:59:41', '2017-01-01 15:59:41');
INSERT INTO `province` VALUES ('22', '重庆市', '2017-01-01 15:59:41', '2017-01-01 15:59:41');
INSERT INTO `province` VALUES ('23', '四川省', '2017-01-01 15:59:41', '2017-01-01 15:59:41');
INSERT INTO `province` VALUES ('24', '贵州省', '2017-01-01 15:59:41', '2017-01-01 15:59:41');
INSERT INTO `province` VALUES ('25', '云南省', '2017-01-01 15:59:41', '2017-01-01 15:59:41');
INSERT INTO `province` VALUES ('26', '西藏自治区', '2017-01-01 15:59:41', '2017-01-01 15:59:41');
INSERT INTO `province` VALUES ('27', '陕西省', '2017-01-01 15:59:41', '2017-01-01 15:59:41');
INSERT INTO `province` VALUES ('28', '甘肃省', '2017-01-01 15:59:41', '2017-01-01 15:59:41');
INSERT INTO `province` VALUES ('29', '青海省', '2017-01-01 15:59:41', '2017-01-01 15:59:41');
INSERT INTO `province` VALUES ('30', '宁夏回族自治区', '2017-01-01 15:59:41', '2017-01-01 15:59:41');
INSERT INTO `province` VALUES ('31', '新疆维吾尔自治区', '2017-01-01 15:59:41', '2017-01-01 15:59:41');
INSERT INTO `province` VALUES ('32', '香港特别行政区', '2017-01-01 15:59:41', '2017-01-01 15:59:41');
INSERT INTO `province` VALUES ('33', '澳门特别行政区', '2017-01-01 15:59:41', '2017-01-01 15:59:41');
INSERT INTO `province` VALUES ('34', '台湾省', '2017-01-01 15:59:41', '2017-01-01 15:59:41');

-- ----------------------------
-- Table structure for `type`
-- ----------------------------
DROP TABLE IF EXISTS `type`;
CREATE TABLE `type` (
  `id` int(11) NOT NULL auto_increment,
  `name` char(22) default NULL,
  `flag` int(11) default '1',
  PRIMARY KEY  (`id`)
) ENGINE=InnoDB DEFAULT CHARSET=gb2312;

-- ----------------------------
-- Records of type
-- ----------------------------
INSERT INTO `type` VALUES ('5', '体育用品', '1');
INSERT INTO `type` VALUES ('6', '食品', '1');
INSERT INTO `type` VALUES ('7', '电子产品', '1');
INSERT INTO `type` VALUES ('9', '服装', '1');
INSERT INTO `type` VALUES ('10', '日用品', '1');
INSERT INTO `type` VALUES ('11', '书籍', '1');
INSERT INTO `type` VALUES ('12', '测试', '0');
INSERT INTO `type` VALUES ('13', 'ter', '1');

-- ----------------------------
-- Table structure for `user`
-- ----------------------------
DROP TABLE IF EXISTS `user`;
CREATE TABLE `user` (
  `id` int(11) NOT NULL auto_increment,
  `personName` char(20) default NULL,
  `username` char(20) default NULL,
  `password` char(20) default NULL,
  `sex` char(10) default NULL,
  `tel` char(30) default NULL,
  `pId` int(11) default NULL,
  `cId` int(11) default NULL,
  `address` char(100) default NULL,
  PRIMARY KEY  (`id`)
) ENGINE=InnoDB DEFAULT CHARSET=gb2312;

-- ----------------------------
-- Records of user
-- ----------------------------
INSERT INTO `user` VALUES ('1', '詹姆斯', 'user1', 'user1', '男', 'user1', '8', '60', 'hhhh');
INSERT INTO `user` VALUES ('2', '张三', 'user2', 'user2', 'user2', '15965986598', '4', '14', '红旗街666号');
INSERT INTO `user` VALUES ('3', '欧文', 'user3', '123456', 'male', '0000000000', '8', '60', 'sssss');
INSERT INTO `user` VALUES ('4', '乐福', 'love', '3333284', 'male', '123456', '4', '14', '辣鸡');
INSERT INTO `user` VALUES ('5', '张三', 'zhangsan', '123456', 'male', '15788963654', '14', '131', '海淀区北区海鸥小区');
INSERT INTO `user` VALUES ('6', '测试', 'test', '123456', 'male', '156333333333', '7', '51', 'aaaaaaaa');
INSERT INTO `user` VALUES ('7', 'sadasd', 'user3', 'user3', 'male', '15615161121551', '8', '60', 'aaaaaaaa');
